feature,importance
edge_density,0.3372586146562396
texture_std,0.17618076457094503
intensity_std,0.16244748486408525
intensity_mean,0.1330471493784978
hist_b_std,0.0911049175500861
hist_r_std,0.05346791314276585
hist_g_std,0.04649315583738045
hist_r_mean,0.0
hist_b_mean,0.0
hist_g_mean,0.0
