mse,rmse
0.30565000000000003,0.5528562200066126
