feature,importance
edge_density,0.23569313682678641
intensity_mean,0.17242421116669113
intensity_std,0.15253841381260677
hist_b_std,0.134320362289249
texture_std,0.12123861362806382
hist_g_std,0.0921018768370141
hist_r_std,0.09168338543958887
hist_r_mean,0.0
hist_b_mean,0.0
hist_g_mean,0.0
