mse,rmse
0.3928666666666667,0.6267907678537286
