mse,rmse
679.5795886363638,26.0687473545693
