mse,rmse
0.8269222222222222,0.9093526390912505
