mse,rmse
0.005949999999999999,0.07713624310270756
